image,class_id,class_name,confidence,x1,y1,x2,y2
000034_jpg.rf.abb912bdf5d72f7b6b981cba468372a0.jpg,0,aircraft,0.401,212.8,135.61,385.88,444.71
000035_jpg.rf.09f0503b7249a703bd9f68ad03b7643b.jpg,0,aircraft,0.3901,164.92,40.26,604.04,472.65
000039_jpg.rf.b77e0ab12fbe9c5461a654ecb19c2c33.jpg,3,shipwreck,0.312,208.68,302.99,271.76,634.18
000039_jpg.rf.b77e0ab12fbe9c5461a654ecb19c2c33.jpg,3,shipwreck,0.2921,209.17,392.36,268.69,608.02
000039_jpg.rf.b77e0ab12fbe9c5461a654ecb19c2c33.jpg,0,aircraft,0.271,1.31,102.59,459.95,640.0
000048_jpg.rf.d5f23e4aaf4dd1178e17dd70db9b306c.jpg,3,shipwreck,0.2818,81.43,73.81,481.27,535.53
000069_jpg.rf.2fcaa00d68fd785522c6abbf766f9466.jpg,0,aircraft,0.7334,12.74,5.04,465.47,593.9
000077_jpg.rf.1c2ae26ffc5189190123781aeb040084.jpg,3,shipwreck,0.3474,508.51,12.5,547.34,70.91
000077_jpg.rf.1c2ae26ffc5189190123781aeb040084.jpg,0,aircraft,0.3224,36.02,18.7,540.44,590.6
000077_jpg.rf.1c2ae26ffc5189190123781aeb040084.jpg,2,other,0.2684,501.65,7.1,551.64,73.66
000077_jpg.rf.1c2ae26ffc5189190123781aeb040084.jpg,3,shipwreck,0.2566,299.59,26.09,345.82,223.49
000088_jpg.rf.f50d7e201469412e717bb161b2d6dd89.jpg,0,aircraft,0.476,33.59,69.3,554.09,640.0
000088_jpg.rf.f50d7e201469412e717bb161b2d6dd89.jpg,0,aircraft,0.2525,145.02,53.0,597.75,637.04
000097_jpg.rf.7408a01f35540615033c4fdeaa9c7699.jpg,0,aircraft,0.3035,64.13,105.15,486.73,594.61
000100_jpg.rf.32ba9085961e2e622dad84b56e801a78.jpg,0,aircraft,0.8486,184.7,116.88,578.31,521.11
000107_jpg.rf.5917715e96839b45c9f46b393a9e9642.jpg,0,aircraft,0.645,96.96,127.58,604.17,538.57
000109_jpg.rf.a22cc4e5913e2a401835bd836e4bc999.jpg,0,aircraft,0.3686,107.88,25.07,496.18,551.95
000142_jpg.rf.fdee7fab2285d5a4f285d3f77523eba2.jpg,1,fish,0.2974,551.38,324.28,560.01,376.63
000163_jpg.rf.d2c6577c810efd84a6bda2992885bcca.jpg,2,other,0.2938,52.94,256.86,197.78,328.14
000169_jpg.rf.45eaf48c62028a6cde2a4dda75431565.jpg,2,other,0.4326,79.96,139.31,158.43,222.78
000169_jpg.rf.45eaf48c62028a6cde2a4dda75431565.jpg,3,shipwreck,0.4032,349.22,50.93,488.25,331.23
000188_jpg.rf.65449d34bc1902850758c783b3a61b66.jpg,3,shipwreck,0.4079,271.13,183.14,437.55,426.35
000235_jpg.rf.0437fd120925f5eb7c13b2508b7b1189.jpg,3,shipwreck,0.3368,82.4,157.38,425.93,542.22
000240_jpg.rf.f22e95fd245f1a7ec0f5637e34b298fa.jpg,3,shipwreck,0.4218,129.38,279.31,270.22,566.72
000245_jpg.rf.8b435b49b0a7df52d9b6312c39c221f8.jpg,3,shipwreck,0.3496,200.69,240.2,294.61,414.92
000256_jpg.rf.fcd2c4360185fb75279517ff6fb5b63a.jpg,3,shipwreck,0.3273,91.35,108.33,479.97,252.51
000261_jpg.rf.ed799e6e25de367fd018b9aa2ce02191.jpg,3,shipwreck,0.6592,1.48,256.94,515.78,437.85
000261_jpg.rf.ed799e6e25de367fd018b9aa2ce02191.jpg,3,shipwreck,0.5074,0.0,273.62,518.18,499.45
000261_jpg.rf.ed799e6e25de367fd018b9aa2ce02191.jpg,3,shipwreck,0.4089,97.92,244.98,514.38,412.46
000263_jpg.rf.7347847c72fc8a781d0a79380b1bff12.jpg,3,shipwreck,0.8563,234.5,169.02,300.53,425.56
000271_jpg.rf.1332d9e92475ded141829ed086e0fa00.jpg,3,shipwreck,0.6266,224.33,131.23,404.33,529.15
000271_jpg.rf.1332d9e92475ded141829ed086e0fa00.jpg,3,shipwreck,0.3037,29.79,129.24,406.76,534.34
000272_jpg.rf.0caa052f87c0e2f65a3b86f172bbc9ef.jpg,3,shipwreck,0.2708,86.33,157.06,489.77,640.0
000276_jpg.rf.36ea31f7222c6bc6b2688bdbad48aab5.jpg,3,shipwreck,0.7868,128.38,142.36,518.38,301.35
000357_jpg.rf.d9855148b2009540a70177753975970a.jpg,3,shipwreck,0.4973,61.23,17.03,213.18,584.31
000357_jpg.rf.d9855148b2009540a70177753975970a.jpg,3,shipwreck,0.4172,6.95,76.84,204.47,639.86
000357_jpg.rf.d9855148b2009540a70177753975970a.jpg,3,shipwreck,0.3293,80.45,13.12,219.5,441.09
000388_jpg.rf.347bb71e490d6a2ec1775646b4ed7f64.jpg,3,shipwreck,0.4393,189.76,151.78,425.55,313.52
000403_jpg.rf.01d5e5309a10dd3c45f1a134527eeeac.jpg,3,shipwreck,0.6848,195.71,162.38,312.34,474.82
000420_jpg.rf.7deb9defe28fe81987805ced38e90f30.jpg,3,shipwreck,0.2623,137.91,191.35,473.73,568.23
000436_jpg.rf.0e115012d10040c027bb334ee668df55.jpg,1,fish,0.5809,21.91,310.07,34.38,333.12
000436_jpg.rf.0e115012d10040c027bb334ee668df55.jpg,3,shipwreck,0.337,111.27,247.05,168.38,637.81
000506_jpg.rf.42ccef33acf5ed0e05342f03f68abb55.jpg,3,shipwreck,0.6415,84.35,55.73,601.42,308.45
000506_jpg.rf.42ccef33acf5ed0e05342f03f68abb55.jpg,3,shipwreck,0.3467,59.53,40.13,571.81,240.6
000510_jpg.rf.bef52d22251db94a2e146ec1c00cfd91.jpg,3,shipwreck,0.3761,515.31,8.92,638.57,574.63
000510_jpg.rf.bef52d22251db94a2e146ec1c00cfd91.jpg,3,shipwreck,0.3509,21.08,7.92,386.68,572.35
000545_jpg.rf.ffa559fd740044f7c642df1f65b6b176.jpg,3,shipwreck,0.7952,34.01,162.71,579.01,416.4
000545_jpg.rf.ffa559fd740044f7c642df1f65b6b176.jpg,3,shipwreck,0.4216,32.98,154.91,582.2,562.48
000582_jpg.rf.86346c094f1fbc96740ce5fc80a97906.jpg,3,shipwreck,0.5774,130.23,95.93,532.58,592.61
000582_jpg.rf.86346c094f1fbc96740ce5fc80a97906.jpg,3,shipwreck,0.2873,561.46,181.51,640.0,317.43
000599_jpg.rf.083e52b169f02c2f2576ba26b36bce21.jpg,3,shipwreck,0.5399,359.98,193.52,448.02,625.64
000610_jpg.rf.f967713c9447158c55a431904214b987.jpg,1,fish,0.2628,142.22,292.03,155.49,336.16
000639_jpg.rf.b2a7ace0cd4eb343cc580162b8e3dc1e.jpg,3,shipwreck,0.2834,72.6,11.36,444.32,493.15
000641_jpg.rf.2b487af512c31538c2e5d04a59cf28bf.jpg,3,shipwreck,0.3486,63.23,107.29,580.28,297.18
000647_jpg.rf.1b3748f955fdbbc2493e7fdc74514b28.jpg,3,shipwreck,0.6078,333.96,1.1,486.64,441.88
000647_jpg.rf.1b3748f955fdbbc2493e7fdc74514b28.jpg,3,shipwreck,0.6003,377.81,10.54,487.42,448.24
000647_jpg.rf.1b3748f955fdbbc2493e7fdc74514b28.jpg,3,shipwreck,0.3133,190.68,0.0,490.24,442.78
000650_jpg.rf.e1ee2051848388fc25b297f69f8855c2.jpg,3,shipwreck,0.4888,46.68,249.45,477.91,584.39
000650_jpg.rf.e1ee2051848388fc25b297f69f8855c2.jpg,3,shipwreck,0.3419,50.77,221.99,626.35,560.89
000650_jpg.rf.e1ee2051848388fc25b297f69f8855c2.jpg,3,shipwreck,0.2619,55.27,320.79,419.78,582.69
000685_jpg.rf.fb12d1f32711d6de4911b649eae3d8d1.jpg,3,shipwreck,0.6688,130.16,254.91,263.62,372.32
000686_jpg.rf.2607951aa62c8eae9a9ce7a12f59f21a.jpg,3,shipwreck,0.8132,287.06,76.51,399.49,536.56
